machine_id,$67917,$67918 11.32332 INCH,$67918 11.4852 INCH,$67919,$67924 10.97627588,$86000,$86001,$86002,$86003,$86004,$86005,$86006,$86009,$86010,$86011,$86012,$86019,$86020,$86021,$86022,$86023,$86024,$86029,000,ACHTUNG: ES WERDEN BEREITS GESCHLIFFENE L?CKEN AUSGELASSEN! BITTE NILES-SERVICE INFORMIEREN,ACTIVE,ACTIVE LINE MODULE NOT ENABLED.,ALARM ON,ALARMS,ALARMS ACTIVE,ALARMS CLEARED,ATTENTION!WITH OF GRINDING WHEEL IS TO LARGE! COLLISION DANGER,AUTOMATIC MODE NOT SELECTED,AXIS A1 CONTOUR MONITORING,AXIS A1 DRIVE 1 TEST STOP IS RUNNING,AXIS A1 DRIVE 5 DIRECT FEEDBACK RECOGNIZED,AXIS A1 DRIVE FAULT,AXIS A1 SERVO_3.3:5_A1 (11):%NSI MOTION CU: STOP A INITIATED.,AXIS A1 SERVO_3.3:5_A1 (11):%NSI MOTION CU: STOP B INITIATED.,AXIS A1 SERVO_3.3:5_A1 (11):%NSI MOTION CU: STOP D INITIATED.,AXIS A1 SERVO_3.3:5_A1 (11):%NSI MOTION CU: TOLERANCE FOR SAFE OPERATING STOP EXCEEDED.,AXIS A1 STANDSTILL MONITORING,AXIS A1 STOP A TRIGGERED,AXIS A1 STOP B TRIGGERED,AXIS A1 STOP D TRIGGERED,AXIS A1 TEST STOP IS RUNNING,AXIS A1 TOLERANCE FOR SAFE STANDSTILL EXCEEDED,AXIS A1 WAITING FOR DRIVE,AXIS B1 ACTUAL VELOCITY ALARM LIMIT,"AXIS B1 BRAKE TEST ABORTED, ADDITIONAL INFORMATION 5",AXIS B1 CLAMPING MONITORING,AXIS B1 CONTOUR MONITORING,"AXIS B1 DIFFERENCE IN FUNCTION SAFE OPERATIONAL STOP, NCK: L+ DRIVE: OK","AXIS B1 DIFFERENCE IN FUNCTION SAFE VELOCITY 1, NCK: L- DRIVE: OK",AXIS B1 DRIVE 11 ERROR IN ONE MONITORING CHANNEL,AXIS B1 DRIVE 11 TEST STOP IS RUNNING,AXIS B1 DRIVE FAULT,"AXIS B1 ERROR IN A MONITORING CHANNEL, CODE 3, VALUES: NCK 2069, DRIVE 3025","AXIS B1 ERROR IN A MONITORING CHANNEL, CODE 3, VALUES: NCK 2069, DRIVE 3026","AXIS B1 ERROR IN A MONITORING CHANNEL, CODE 3, VALUES: NCK 23747, DRIVE 24753","AXIS B1 ERROR IN A MONITORING CHANNEL, CODE 3, VALUES: NCK 23750, DRIVE 24753","AXIS B1 ERROR IN A MONITORING CHANNEL, CODE 44, VALUES: NCK -34583, DRIVE -35359","AXIS B1 ERROR IN A MONITORING CHANNEL, CODE 44, VALUES: NCK 2160, DRIVE 3125","AXIS B1 ERROR IN A MONITORING CHANNEL, CODE 44, VALUES: NCK 2165, DRIVE 3121","AXIS B1 ERROR IN A MONITORING CHANNEL, CODE 44, VALUES: NCK 2165, DRIVE 3122","AXIS B1 ERROR IN A MONITORING CHANNEL, CODE 44, VALUES: NCK 23846, DRIVE 24849","AXIS B1 ERROR IN A MONITORING CHANNEL, CODE 45, VALUES: NCK -37414, DRIVE -35551","AXIS B1 ERROR IN A MONITORING CHANNEL, CODE 46, VALUES: NCK 23846, DRIVE 24849","AXIS B1 ERROR IN A MONITORING CHANNEL, CODE 47, VALUES: NCK 1973, DRIVE 2929","AXIS B1 ERROR IN A MONITORING CHANNEL, CODE 50, VALUES: NCK 24017, DRIVE 25020","AXIS B1 ERROR IN A MONITORING CHANNEL, CODE 51, VALUES: NCK 1802, DRIVE 2758","AXIS B1 ERROR IN A MONITORING CHANNEL, CODE 51, VALUES: NCK 23483, DRIVE 24486","AXIS B1 ERROR IN A MONITORING CHANNEL, CODE 52, VALUES: NCK -319, DRIVE 160","AXIS B1 ERROR IN A MONITORING CHANNEL, CODE 52, VALUES: NCK -850, DRIVE -1293","AXIS B1 ERROR IN A MONITORING CHANNEL, CODE 54, VALUES: NCK 24253, DRIVE 25256","AXIS B1 ERROR IN A MONITORING CHANNEL, CODE 55, VALUES: NCK 23753, DRIVE 24756","AXIS B1 ERROR IN A MONITORING CHANNEL, CODE 57, VALUES: NCK 23247, DRIVE 24250",AXIS B1 HARDWARE FAULT OF ACTIVE ENCODER,"AXIS B1 ILLEGAL TORQUE, CURRENT TORQUE -3","AXIS B1 ILLEGAL TORQUE, CURRENT TORQUE -4",AXIS B1 SAFE VELOCITY EXCEEDED,AXIS B1 SERVO_3.15:5_B1 (21):%NSI MOTION CU: STOP D INITIATED.,AXIS B1 SERVO_3.15:5_B1 (21):%NSI MOTION CU: TEST STOP RUNNING.,AXIS B1 STANDSTILL MONITORING,AXIS B1 STOP A TRIGGERED,AXIS B1 STOP B TRIGGERED,AXIS B1 STOP D TRIGGERED,AXIS B1 TEST STOP IS RUNNING,AXIS B1 TOLERANCE FOR SAFE STANDSTILL EXCEEDED,AXIS B1 WAITING FOR DRIVE,AXIS C1 DRIVE 4 TEST STOP IS RUNNING,AXIS C1 SAFE MONITORING FOR ACCELERATION EXCEEDED,AXIS C1 SAFE VELOCITY EXCEEDED,AXIS C1 SERVO_3.3:4_C1 (14):%NSI MOTION CU: SAFE ACCELERATION MONITOR LIMIT EXCEEDED.,AXIS C1 SERVO_3.3:4_C1 (14):%NSI MOTION CU: SAFELY-LIMITED SPEED EXCEEDED. 100.,AXIS C1 SERVO_3.3:4_C1 (14):%NSI MOTION CU: STOP A INITIATED.,AXIS C1 SERVO_3.3:4_C1 (14):%NSI MOTION CU: STOP B INITIATED.,AXIS C1 SERVO_3.3:4_C1 (14):%NSI MOTION CU: STOP D INITIATED.,AXIS C1 SERVO_3.3:4_C1 (14):%NSI MOTION CU: TEST STOP RUNNING.,AXIS C1 STOP A TRIGGERED,AXIS C1 STOP B TRIGGERED,AXIS C1 STOP D TRIGGERED,AXIS C1 TEST STOP IS RUNNING,AXIS KA1 DRIVE 2 TEST STOP IS RUNNING,AXIS KA1 SAFE VELOCITY EXCEEDED,AXIS KA1 SERVO_3.15:3_KA1 (12):%NSI MOTION CU: STOP D INITIATED.,AXIS KA1 STOP A TRIGGERED,AXIS KA1 STOP B TRIGGERED,AXIS KA1 STOP D TRIGGERED,AXIS KA1 TEST STOP IS RUNNING,AXIS KA1 TOLERANCE FOR SAFE STANDSTILL EXCEEDED,AXIS U1 CONTOUR MONITORING,AXIS U1 DRIVE 3 TEST STOP IS RUNNING,AXIS U1 TEST STOP IS RUNNING,AXIS W1 DRIVE 8 TEST STOP IS RUNNING,AXIS W1 TEST STOP IS RUNNING,AXIS X1 CONTOUR MONITORING,AXIS X1 DRIVE 6 SPEED CONTROLLER AT LIMIT,AXIS X1 DRIVE 6 TEST STOP IS RUNNING,AXIS X1 DRIVE FAULT,AXIS X1 SERVO_3.3:3_X1 (16):%NSI MOTION CU: STOP D INITIATED.,AXIS X1 SERVO_3.3:3_X1 (16):%NSI MOTION CU: TEST STOP RUNNING.,AXIS X1 SPEED SETPOINT LIMITATION,AXIS X1 STOP D TRIGGERED,AXIS X1 TEST STOP IS RUNNING,AXIS X1 WAITING FOR DRIVE,AXIS Y1 CONTOUR MONITORING,AXIS Y1 DRIVE 6 SPEED CONTROLLER AT LIMIT,AXIS Y1 DRIVE 7 TEST STOP IS RUNNING,AXIS Y1 DRIVE FAULT,AXIS Y1 SERVO_3.15:4_Y1 (17):%NSI MOTION CU: STOP D INITIATED.,AXIS Y1 SERVO_3.15:4_Y1 (17):%NSI MOTION CU: TEST STOP RUNNING.,AXIS Y1 STOP D TRIGGERED,AXIS Y1 TEST STOP IS RUNNING,AXIS Y1 WAITING FOR DRIVE,AXIS Z1 DRIVE FAULT,AXIS Z1 SERVO_3.15:2_Z1 (19):%NSI MOTION CU: STOP D INITIATED.,AXIS Z1 SERVO_3.15:2_Z1 (19):%NSI MOTION CU: TEST STOP RUNNING.,AXIS Z1 STOP D TRIGGERED,AXIS Z1 TEST STOP IS RUNNING,AXIS Z1 WAITING FOR DRIVE,B820 MINIMUM PNEUMATIC PRESSURE,B821 MINIMUM PNEUMATIC PRESSURE,B822 MAXIMUM HYDROSTATIC PRESSURE,BRAKE TEST ACTIVELY,CHAMFERING L ILLEGAL ORDER,CHANNEL 1 AXIS A1 REFERENCE POINT APPROACH ABORTED,CHANNEL 1 AXIS B/B1 HARDWARE LIMIT SWITCH +,CHANNEL 1 AXIS B/B1 HARDWARE LIMIT SWITCH -,"CHANNEL 1 AXIS B/B1: ENABLE RESET, CAUSE",CHANNEL 1 AXIS B1 REFERENCE MARK MISSING,CHANNEL 1 AXIS B1 REFERENCE POINT APPROACH ABORTED,CHANNEL 1 AXIS B1 RESTS ON SOFTWARE LIMIT SWITCH +,CHANNEL 1 AXIS W1 RESTS ON SOFTWARE LIMIT SWITCH +,CHANNEL 1 AXIS W1 RESTS ON SOFTWARE LIMIT SWITCH -,CHANNEL 1 AXIS X1 REFERENCE POINT APPROACH ABORTED,CHANNEL 1 AXIS X1 RESTS ON SOFTWARE LIMIT SWITCH +,CHANNEL 1 AXIS Y1 RESTS ON SOFTWARE LIMIT SWITCH -,CHANNEL 1 AXIS Z1 RESTS ON SOFTWARE LIMIT SWITCH -,CHANNEL 1 BLOCK   REORG NOT POSSIBLE,CHANNEL 1 BLOCK  AXIS Y1 SOFTWARE LIMIT SWITCH -,CHANNEL 1 BLOCK  PROGRAM _N_CYCLE701_SPF. INTERFACES COULD NOT BE BUILT,CHANNEL 1 BLOCK  PROGRAM _N_CYCLE702_SPF. INTERFACES COULD NOT BE BUILT,CHANNEL 1 BLOCK  PROGRAM _N_CYCLE705_SPF. INTERFACES COULD NOT BE BUILT,CHANNEL 1 BLOCK  PROGRAM _N_CYCLE706_SPF. INTERFACES COULD NOT BE BUILT,CHANNEL 1 BLOCK  PROGRAM _N_CYCLE710_SPF. INTERFACES COULD NOT BE BUILT,CHANNEL 1 BLOCK  PROGRAM _N_CYCLE713_SPF. INTERFACES COULD NOT BE BUILT,CHANNEL 1 BLOCK  PROGRAM _N_CYCLE714_SPF. INTERFACES COULD NOT BE BUILT,CHANNEL 1 BLOCK  PROGRAM _N_CYCLE715_SPF. INTERFACES COULD NOT BE BUILT,CHANNEL 1 BLOCK 100 JUMP DESTINATION N10815 NOT FOUND,CHANNEL 1 BLOCK 3 MAXIMUM NUMBER OF SYMBOLS EXCEEDED WITH CYCLE701,CHANNEL 1 BLOCK 3 MAXIMUM NUMBER OF SYMBOLS EXCEEDED WITH CYCLE702,CHANNEL 1 BLOCK 3 MAXIMUM NUMBER OF SYMBOLS EXCEEDED WITH CYCLE705,CHANNEL 1 BLOCK 3 MAXIMUM NUMBER OF SYMBOLS EXCEEDED WITH CYCLE706,CHANNEL 1 BLOCK 3 MAXIMUM NUMBER OF SYMBOLS EXCEEDED WITH CYCLE708,CHANNEL 1 BLOCK 3 MAXIMUM NUMBER OF SYMBOLS EXCEEDED WITH CYCLE710,CHANNEL 1 BLOCK 3 MAXIMUM NUMBER OF SYMBOLS EXCEEDED WITH CYCLE713,CHANNEL 1 BLOCK 3 MAXIMUM NUMBER OF SYMBOLS EXCEEDED WITH CYCLE714,CHANNEL 1 NC-CONTROLLED EXTENDED STOP/RETRACT TRIGGERED,CHANNEL 1 PROGRAM CONTROL: ACTION CHANGE TO PROGRAM MODE ONLY POSSIBLE IN RESET STATE,CHANNEL 1: AXIS A1 REFERENCE POINT APPROACH ABORTED,CHANNEL 1: AXIS B1 REFERENCE POINT APPROACH ABORTED,CHANNEL 1: AXIS B1 RESTS ON SOFTWARE LIMIT SWITCH +,CHANNEL 1: AXIS B1 RESTS ON SOFTWARE LIMIT SWITCH -,"CHANNEL 1: AXIS S1/C1: ENABLE RESET, CAUSE",CHANNEL 1: AXIS U/U1 HARDWARE LIMIT SWITCH +,CHANNEL 1: AXIS U1 REFERENCE POINT APPROACH ABORTED,CHANNEL 1: AXIS U1 RESTS ON SOFTWARE LIMIT SWITCH +,CHANNEL 1: AXIS W/W1 HARDWARE LIMIT SWITCH +,CHANNEL 1: AXIS W1 REFERENCE POINT APPROACH ABORTED,CHANNEL 1: AXIS W1 RESTS ON SOFTWARE LIMIT SWITCH +,CHANNEL 1: AXIS W1 RESTS ON SOFTWARE LIMIT SWITCH -,CHANNEL 1: AXIS X/X1 HARDWARE LIMIT SWITCH -,"CHANNEL 1: AXIS X/X1: ENABLE RESET, CAUSE",CHANNEL 1: AXIS X1 RESTS ON SOFTWARE LIMIT SWITCH +,CHANNEL 1: AXIS X1 RESTS ON SOFTWARE LIMIT SWITCH -,CHANNEL 1: AXIS Y1 RESTS ON SOFTWARE LIMIT SWITCH +,CHANNEL 1: AXIS Y1 RESTS ON SOFTWARE LIMIT SWITCH -,CHANNEL 1: AXIS Z1 RESTS ON SOFTWARE LIMIT SWITCH +,CHANNEL 1: AXIS Z1 RESTS ON SOFTWARE LIMIT SWITCH -,CHANNEL 1: BLOCK   REORG NOT POSSIBLE,CHANNEL 1: BLOCK  FEEDRATE NOT PROGRAMMED,CHANNEL 1: BLOCK 113 AXIS Z1 SOFTWARE LIMIT SWITCH -,"CHANNEL 1: BLOCK 13 AXIS X/X1 TOUCH PROBE ALREADY DEFLECTED, EDGE POLARITY NOT POSSIBLE","CHANNEL 1: BLOCK 13 AXIS Y/Y1 TOUCH PROBE ALREADY DEFLECTED, EDGE POLARITY NOT POSSIBLE","CHANNEL 1: BLOCK 13 AXIS Z/Z1 TOUCH PROBE ALREADY DEFLECTED, EDGE POLARITY NOT POSSIBLE","CHANNEL 1: BLOCK 241 AXIS A/A1 TOUCH PROBE ALREADY DEFLECTED, EDGE POLARITY NOT POSSIBLE","CHANNEL 1: BLOCK 358 AXIS A/A1 TOUCH PROBE ALREADY DEFLECTED, EDGE POLARITY NOT POSSIBLE","CHANNEL 1: BLOCK 410 AXIS A/A1 TOUCH PROBE ALREADY DEFLECTED, EDGE POLARITY NOT POSSIBLE","CHANNEL 1: BLOCK 517 AXIS A/A1 TOUCH PROBE ALREADY DEFLECTED, EDGE POLARITY NOT POSSIBLE",CHANNEL 1: BLOCK 58 AXIS Z1 SOFTWARE LIMIT SWITCH -,CHANNEL 1: NC START WITHOUT REFERENCE POINT  (ACTION=START PROGRAM EXECUTION (PROGRAM)),CHANNEL 1: NC-CONTROLLED EXTENDED STOP/RETRACT TRIGGERED,CHUCK UNCLAMP,COMMUNICATION FAILURE,CONFIRM EMERGENCY STOP.,COOLANT SYSTEM: FATAL ERROR,COOLANT SYSTEM: INFO ERROR,COOLING SYSTEM IS NOT READY,DOOR INTERLOCK,DOOR LOCKING NOT SUCCESSFUL - CYCLE START INHIBITED,DP003.SLAVE003: ALM_3.3:2 (2):%NEXTERNAL FAULT 3.,DP003.SLAVE003: ALM_3.3:2 (2):%NINFEED: FAILURE OF ONE OR SEVERAL LINE PHASES.,DP003.SLAVE003: ALM_3.3:2 (2):%NINFEED: LINE SUPPLY UNDERVOLTAGE. 407.,DP003.SLAVE003: ALM_3.3:2 (2):%NINFEED: SHUTDOWN DUE TO LINE SUPPLY UNDERVOLTAGE CONDITION. 359.,DRESSING PATH WAS NOT COMPLETELY CREATET,DRIVING BELT OF THE GRINDING SPINDLE TORN,EMERGENCY STOP,EMERGENCY STOP ACTUATED ON CONTROL PANEL,EMERGENCY STOP ACTUATED ON PERIPHERALS,EMERGENCY STOP ACTUATED ON PORTABLE CONTROL UNIT,EQUAL IS NOT EXIST,ERROR IN PROFIBUS MODULE A200,ERROR IN PROFIBUS MODULE A810,ERROR IN PROFIBUS MODULE K020,ERROR OF POWER SUPPLY DETECTION RELAY,ERROR POSITION PROBE,ESR (Y-TETRACT) ENABLED,EXCUTING POWER OFF SEQUENCE,FAILURE OF HANDHELD UNIT,FAULT,FAULT AT AIR CONDITIONING UNIT,FAULT AT REFRIGERATOR COOLANT UNIT,FAULT IN SMOOTH START-UP G803,FAULT ON DP BUS,FEED STOP PRESSED AT FRONT PANEL,FOR CYCLIC TEST SWITCH-ON THE HYDRAULICS.,FRONT DOORS NOT CLOSED,GEAR NEUTRAL,GRINDING WHEEL CHANGES ACTIVELY,GRINDING WHEEL COOLANT IS MISSING,GRINDING ZONE DOORS ARE NOT LOCKED.,"HAND TERMINAL ACTIVE, FRONT PANEL INACTIVE",HOFFMANN COOLER GENERAL MALFUNCTION,HOFFMANN COOLER IS NOT ON,HOFFMANN FILTER SYSTEM GENERAL MALFUNCTION,HOFFMANN FILTER SYSTEM IN E-STOP,HOFFMANN FILTER SYSTEM IS NOT RUNNING,HOFFMANN FILTER SYSTEM MALFUNCTION,HOFFMANN SPINDLE CHILLER IS NOT ON - SPINDLE IS DISABLED,HYDRAULICS NOT ON - PRESS HYDRAULICS BUTTON ON MCP,JOG-MODE IS NOT ACTIVE,LIMIT SWITCH S704 IS FAULTY,LIMIT SWITCH S705 IS FAULTY,LIMIT SWITCH S706 IS FAULTY,LIMIT SWITCH S707 IS FAULTY,LOSS OF AIR PRESSURE AT SPINDLE BEARINGS,LOSS OF AIR PRESSURE IN SCALES,LOSS OF HYDRAULIC FLOW TO HOFFMANN CHILLER,LOSS OF HYDROSTATIC PRESSURE,"LOSS OF WATER FLOW FOR SPINDLE,TABLE",LUBE LOSS AT X-AXIS WAYS,LUBE LOSS AT Y-AXIS WAYS,LUBE LOSS AT Z-AXIS WAYS,LUBE TANK LEVEL,MINUS VARIABLE LIMIT OVER,MNEMONIC OR LOCAL VARIABLE,MODE NOT SELECTED,"MOTOR PROTECTION F008/F009, RELEASED","MOTOR PROTECTION F010, RELEASED","MOTOR PROTECTION F050, RELEASED",MULTI CYCLE D ILLEGAL ORDER,MULTI CYCLE F ILLEGAL ORDER,"MULTI CYCLE I,K OVER","MULTI CYCLE X,Z ILLEGAL ORDER",NO POWER SUPPLY,NORMAL,NOT ALL NC-AXIS HOMED,ONE AXIS ALREADY HOMED,OPTIONS WERE CONTRADICTIONARILY SET,PLEASE OPEN DOOR,PLUG X 316 NOT CONNECTED,PLUG X 318 NOT CONNECTED,PLUS VARIABLE LIMIT OVER,PNEUMATIC OPERATING PRESSURE IS MISSING,POWER ON EFFECTIVE PARAMETER SET,POWER SAVE ON,PROBE MOVING INTO THE MEASURING POSITION,PROBE MOVING INTO THE START POSITION,PROFIBUS DIAGNOSIS: GROUP ERROR - FAULTY COMPONENTS,"PROFISAFE: F MODULE 195, ERROR ON CHANNEL IN 1; AUTOMATIC MODE S120/ -K21.2","PROFISAFE: F MODULE 195, MASTER REPORTS ERROR CRC","PROFISAFE: F MODULE 196, MASTER REPORTS ERROR CRC","PROFISAFE: F MODULE 197, ERROR ON CHANNEL IN 0; OPERATOR DOOR  1 S509/-K20.2","PROFISAFE: F MODULE 197, MASTER REPORTS ERROR CRC","PROFISAFE: F MODULE 198, MASTER REPORTS ERROR CRC","PROFISAFE: F MODULE 199, MASTER REPORTS ERROR CRC",PROGRAM READER INHIBITED BECAUSE B-AXIS NOT CLAMPED,REBOOT IS DELAYED,RESTART,RINSES SHARPENING AREA ACTIVELY,"ROTARY TABLE PROBLEM - THE MACHINE IS CUT OFF ? INSPECT THE CLAMPING SETUP, FIX THE WORKPIECE, IF THAT RE-OCCURS TAKE /LOAD ADAPTATION/.",SAFETY-TESTSTOP IS ACTIVATED,SELECT AXIS,SPINDLE LUBE PRESSURE,SPINDLE STOP INITIATED VIA MACHINE CONTROL PANEL,STOPPED,SWITCH OFF COOLANT,SWITCH OFF COOLANT SUPPLY,SWITCH ON POWER SUPPLY,SWITCH S201 DEFECTIVE,SWITCH S202 DEFECTIVE,SWITCH S301 DEFECTIVE,SWITCH S302 DEFECTIVE,"SWITCH TO HAND TERMINAL NOT POSSIBLE, WHILE NOT IN JOG MODE",SWITCHING-ON OF HYDRAULICS DISABLED,SYSTEM AIR PRESSURE IS MISSING,TAILSTOCK QUILL CONDITION,TIP-BUTTON PRESS  +,TIP-BUTTON PRESS  -,TOOL RADIUS COMP. NO SPEC.,UNAVAILABLE,UNUSABLE DIRECT OF LEFT,WAITING FOR SYNC TO PCU ...,WARMUP PROGRAM SELECTED; MSST-KEYS BLOCKED,X-AXIS LUBRICATION: GREASE IS MISSING,Y-AXIS CLAMPING ERROR CAUSES Y-AXIS FEEDHOLD,Y-AXIS LUBRICATION: GREASE IS MISSING,gt; CONTINUE WITH CYCLE START OR RESET.,gt; GENERATE ANEW !,gt; GRINDING STOCK AS PER APPLIED GRINDING TECHNOLOGY - CONFIRM THE ACTUAL GRINDING STOCK IN GRINDING TECHNOLOGY!,gt; ONLY IN SAFETY POSITIONS OF ALL AXIS !,gt; REPOSITION,gt; SWITCH OFF/ON OF MACHINE,gt; WRONG POSITIONING OF GRINDING WHEEL !,{N33}SELECTED PROGRAM NOT VALID IN ACTUAL SCREEN
46,0,0,0,0,0,0,0,0,0,0,0,0,0,0,0,0,0,0,0,0,0,0,0,0,0,0,0,0,0,0,0,0,0,0,0,26,97,0,0,0,0,0,0,0,0,0,0,0,0,0,0,0,0,0,0,0,0,0,0,0,0,0,0,0,0,0,0,0,0,0,0,0,0,0,0,0,0,0,0,0,0,0,0,0,0,0,0,0,0,0,0,0,0,0,0,0,0,0,0,0,0,0,0,0,0,0,0,0,0,0,0,0,0,0,0,0,0,0,0,0,0,0,2,0,0,0,0,8,0,6,0,0,0,0,0,0,0,0,0,0,0,0,0,0,0,0,0,0,0,0,0,0,0,0,0,0,46,31,23,0,12,0,0,0,0,0,0,0,0,16,0,0,0,0,0,0,0,0,0,0,0,0,0,0,0,0,0,0,0,0,0,0,0,0,0,0,0,0,0,0,0,0,0,0,0,0,0,0,0,0,0,0,0,0,0,0,0,0,0,0,182,0,0,0,0,0,0,134,0,0,0,0,0,0,0,0,0,0,0,4,0,0,0,0,0,0,0,0,0,0,0,0,0,1379,299,116,332,338,6,397,483,0,0,0,0,0,1022,0,432,354,375,507,124,0,0,0,0,0,0,0,0,0,0,0,0,0,0,0,0,0,0,0,0,0,0,0,0,0,0,0,0,0,0,0,0,0,0,0,0,0,0,0,0,0,0,0,0,0,0,0,0,0,0,0,0,0,0,0,0,0,0,32,0,0,0,0,4,0,0,0,0,0,0,0,0,0
47,41,0,0,0,0,33754,25596,7611,7918,416,436,53,2019,2939,65,0,166,300,166,0,490,1085,0,0,14,0,0,0,0,0,0,87,0,0,186,0,0,0,0,0,0,0,0,0,0,151,0,0,0,0,0,0,0,0,0,150,0,0,0,0,0,0,0,0,0,0,0,0,0,0,0,0,0,0,0,0,0,0,0,0,0,0,0,0,0,0,0,141,0,0,155,0,0,0,0,0,0,0,0,0,0,0,119,159,8,0,17,12,10,110,18,28,227,227,142,129,131,2,173,2,0,0,0,0,133,0,2,0,166,0,0,0,0,141,0,0,0,0,0,0,0,2,2,14,0,0,0,0,0,0,0,0,0,0,0,0,0,0,0,0,0,0,0,0,0,0,0,0,0,0,0,0,0,0,0,0,0,0,0,0,0,0,0,0,84,14,1,13,26,1,26,2,6,24,10,0,276,43,0,0,3665,22,0,0,0,0,0,0,0,0,0,0,71,0,2,0,1884,241,403,0,0,0,0,0,0,287,12,0,0,0,0,0,3,2,0,0,50,660,0,3862,0,0,1647,21,0,1223,0,4946,0,0,0,0,2359,0,0,0,0,0,0,0,0,4,28,38,32,32,0,0,0,0,0,0,0,0,0,0,0,0,0,0,0,0,0,0,0,28,0,2,0,0,0,37,60,0,0,0,0,744,835,3,0,0,0,0,0,0,0,372,0,0,8615,16,2188,8,0,1368,0,0,27,979,0,0,0,0,243,89,0,0,0,0,0,82,0,145824,314,0,0,0,120,9,134,0,0,0,2,17
48,0,0,0,0,0,26744,23643,0,0,2195,2322,35,2116,2590,10,0,82,260,82,0,408,964,0,0,0,0,0,0,0,0,0,0,0,0,97,0,0,0,0,0,0,6,0,0,0,46,0,0,15,0,2,4,2,2,135,98,0,2,6,2,39,2,2,4,6,42,1,4,1,6,2,2,2,2,4,2,2,22,0,0,11,0,0,2,4,4,9,46,1,0,97,0,0,0,0,0,0,0,0,0,0,0,46,90,0,0,0,0,0,45,0,0,90,45,98,46,0,0,96,0,0,0,0,0,46,0,2,0,95,0,0,0,0,46,0,0,0,0,0,0,0,14,8,0,0,0,2,761,418,66,2,200,2,8,33,4,2,20,0,364,0,0,0,0,0,0,0,0,0,0,0,0,0,0,0,0,0,0,27,2,0,0,0,0,0,0,0,0,0,0,0,0,0,0,0,0,0,0,0,0,0,0,0,0,0,0,0,0,0,0,0,0,0,0,31,0,88,55,3,0,0,0,0,0,0,60,0,0,0,0,0,0,8,0,0,1,0,0,0,0,0,0,21,0,0,438,0,2078,0,0,0,0,1033,0,0,0,0,0,0,0,0,5,0,0,0,0,0,0,0,0,0,0,0,0,0,0,0,0,0,0,0,0,0,0,0,4,0,0,0,0,0,0,0,0,0,0,0,744,648,18,0,0,0,0,0,0,0,0,17,0,0,49,186,0,0,372,0,0,10,270,17,11,16,14,66,29,0,0,0,0,0,64,0,4311,104,16,0,10,2,0,0,0,0,0,0,9
50,0,0,0,0,0,0,0,0,0,0,0,0,0,0,0,0,0,0,0,0,0,0,0,0,0,0,0,0,14,0,0,0,0,0,0,0,0,0,0,0,0,0,0,0,0,0,0,0,0,0,0,0,0,0,0,0,0,0,0,0,0,0,0,0,0,0,0,0,0,0,0,0,0,0,0,0,0,0,0,0,0,0,0,0,0,0,0,0,0,0,0,0,0,0,0,0,0,0,0,0,0,0,0,0,0,0,0,0,0,0,0,0,0,0,0,0,0,0,0,0,0,0,0,0,0,0,0,0,0,0,0,0,0,0,0,0,0,0,0,0,0,0,0,0,0,0,0,0,0,0,0,0,0,0,0,0,0,0,0,0,0,0,0,0,0,0,0,0,0,0,0,0,0,0,0,0,0,0,0,0,0,0,0,0,0,0,0,0,0,0,0,0,0,0,0,0,0,0,0,0,0,0,0,0,0,0,0,0,0,0,0,0,0,0,0,0,0,0,0,0,0,0,0,0,0,0,0,0,0,0,0,0,0,0,0,0,0,0,0,0,0,0,0,0,0,0,0,0,0,0,0,0,0,0,0,0,0,0,0,0,0,0,0,0,0,0,0,0,0,0,0,0,0,0,0,0,0,0,0,0,0,0,0,0,0,0,0,0,0,0,0,0,0,0,0,0,0,0,0,0,0,0,0,0,0,0,0,0,0,0,0,0,0,0,0,0,0,0,0,0,0,0,0,0,0,0,0,0,0,0,0,0,0,0,0,0,0,0,0,0,0,0,0,0,0,0
72,0,0,0,0,0,0,0,0,0,0,0,0,0,0,0,0,0,0,0,0,0,0,0,0,0,0,0,0,81,0,0,0,0,0,0,0,0,0,0,0,0,0,0,0,0,0,0,0,0,0,0,0,0,0,0,0,0,0,0,0,0,0,0,0,0,0,0,0,0,0,0,0,0,0,0,0,0,0,0,0,0,0,0,0,0,0,0,0,0,0,0,0,0,0,0,0,0,0,0,0,0,0,0,0,0,0,0,0,0,0,0,0,0,0,0,0,0,0,0,0,0,0,0,0,0,0,0,0,0,0,0,0,0,0,0,0,0,0,0,0,0,0,0,0,0,0,0,0,0,0,0,0,0,0,0,0,0,0,0,0,0,0,0,0,0,0,0,0,0,0,0,0,0,0,0,0,0,0,0,0,0,0,0,0,0,0,0,0,0,0,0,0,0,0,0,0,0,0,0,0,0,0,0,0,0,0,0,0,0,0,0,0,0,0,0,0,0,0,0,0,0,0,0,0,0,0,0,0,0,0,0,0,0,0,0,0,0,0,0,0,0,0,0,0,0,0,0,0,0,0,0,0,0,0,0,0,0,0,0,0,0,0,0,0,0,0,0,0,0,0,0,0,0,0,0,0,0,0,0,0,0,0,0,0,0,0,0,0,0,0,0,0,0,0,0,0,0,0,0,0,0,0,0,0,0,0,0,0,0,0,0,0,0,0,0,0,0,0,0,0,0,0,0,0,0,0,0,0,0,0,0,0,0,0,0,0,0,0,0,0,0,0,0,0,0,0
77,0,0,0,0,0,0,0,0,0,0,0,0,0,0,0,0,0,0,0,0,0,0,0,0,0,0,0,0,11,0,0,0,0,0,0,0,0,0,0,0,0,0,0,0,0,0,0,0,0,0,0,0,0,0,0,0,0,0,0,0,0,0,0,0,0,0,0,0,0,0,0,0,0,0,0,0,0,0,0,0,0,0,0,0,0,0,0,0,0,0,0,0,0,0,0,0,0,0,0,0,0,0,0,0,0,0,0,0,0,0,0,0,0,0,0,0,0,0,0,0,0,0,0,0,0,0,0,0,0,0,0,0,0,0,0,0,0,0,0,0,0,0,0,0,0,0,0,0,0,0,0,0,0,0,0,0,0,0,0,0,0,0,0,0,0,0,0,0,0,0,0,0,0,0,0,0,0,0,0,0,0,0,0,0,0,0,0,0,0,0,0,0,0,0,0,0,0,0,0,0,0,0,0,0,0,0,0,0,0,0,0,0,0,0,0,0,0,0,0,0,0,0,0,0,0,0,0,0,0,0,0,0,0,0,0,0,0,0,0,0,0,0,0,0,0,0,0,0,0,0,0,0,0,0,0,0,0,0,0,0,0,0,0,0,0,0,0,0,0,0,0,0,0,0,0,0,0,0,0,0,0,0,0,0,0,0,0,0,0,0,0,0,0,0,0,0,0,0,0,0,0,0,0,0,0,0,0,0,0,0,0,0,0,0,0,0,0,0,0,0,0,0,0,0,0,0,0,0,0,0,0,0,0,0,0,0,0,0,0,0,0,0,0,0,0,0
133,0,0,0,0,0,0,0,0,0,0,0,0,0,0,0,0,0,0,0,0,0,0,0,0,0,0,0,0,278,0,0,0,0,0,0,0,0,0,0,0,0,0,0,0,0,0,0,0,0,0,0,0,0,0,0,0,0,0,0,0,0,0,0,0,0,0,0,0,0,0,0,0,0,0,0,0,0,0,0,0,0,0,0,0,0,0,0,0,0,0,0,0,0,0,0,0,0,0,0,0,0,0,0,0,0,0,0,0,0,0,0,0,0,0,0,0,0,0,0,0,0,0,0,0,0,0,0,0,0,0,0,0,0,0,0,0,0,0,0,0,0,0,0,0,0,0,0,0,0,0,0,0,0,0,0,0,0,0,0,0,0,0,0,0,0,0,0,0,0,0,0,0,0,0,0,0,0,0,0,0,0,0,0,0,0,0,0,0,0,0,0,0,0,0,0,0,0,0,0,0,0,0,0,0,0,0,0,0,0,0,0,0,0,0,0,0,0,0,0,0,0,0,0,0,0,0,0,0,0,0,0,0,0,0,0,0,0,0,0,0,0,0,0,0,0,0,0,0,0,0,0,0,0,0,0,0,0,0,0,0,0,0,0,0,0,0,0,0,0,0,0,0,0,0,0,0,0,0,0,0,0,0,0,0,0,0,0,0,0,0,0,0,0,0,0,0,0,0,0,0,0,0,0,0,0,0,0,0,0,0,0,0,0,0,0,0,0,0,0,0,0,0,0,0,0,0,0,0,0,0,0,0,0,0,0,0,0,0,0,0,0,0,0,0,0,0
142,0,0,0,0,0,0,0,0,0,0,0,0,0,0,0,0,0,0,0,0,0,0,0,0,0,0,0,0,10,0,0,0,0,0,0,0,0,0,0,0,0,0,0,0,0,0,0,0,0,0,0,0,0,0,0,0,0,0,0,0,0,0,0,0,0,0,0,0,0,0,0,0,0,0,0,0,0,0,0,0,0,0,0,0,0,0,0,0,0,0,0,0,0,0,0,0,0,0,0,0,0,0,0,0,0,0,0,0,0,0,0,0,0,0,0,0,0,0,0,0,0,0,0,0,0,0,0,0,0,0,0,0,0,0,0,0,0,0,0,0,0,0,0,0,0,0,0,0,0,0,0,0,0,0,0,0,0,0,0,0,0,0,0,0,0,0,0,0,0,0,0,0,0,0,0,0,0,0,0,0,0,0,0,0,0,0,0,0,0,0,0,0,0,0,0,0,0,0,0,0,0,0,0,0,0,0,0,0,0,0,0,0,0,0,0,0,0,0,0,0,0,0,0,0,0,0,0,0,0,0,0,0,0,0,0,0,0,0,0,0,0,0,0,0,0,0,0,0,0,0,0,0,0,0,0,0,0,0,0,0,0,0,0,0,0,0,0,0,0,0,0,0,0,0,0,0,0,0,0,0,0,0,0,0,0,0,0,0,0,0,0,0,0,0,0,0,0,0,0,0,0,0,0,0,0,0,0,0,0,0,0,0,0,0,0,0,0,0,0,0,0,0,0,0,0,0,0,0,0,0,0,0,0,0,0,0,0,0,0,0,0,0,0,0,0,0
143,0,0,0,0,0,0,0,0,0,0,0,0,0,0,0,0,0,0,0,0,0,0,0,0,0,0,0,0,90,0,0,0,0,0,0,0,0,0,0,0,0,0,0,0,0,0,0,0,0,0,0,0,0,0,0,0,0,0,0,0,0,0,0,0,0,0,0,0,0,0,0,0,0,0,0,0,0,0,0,0,0,0,0,0,0,0,0,0,0,0,0,0,0,0,0,0,0,0,0,0,0,0,0,0,0,0,0,0,0,0,0,0,0,0,0,0,0,0,0,0,0,0,0,0,0,0,0,0,0,0,0,0,0,0,0,0,0,0,0,0,0,0,0,0,0,0,0,0,0,0,0,0,0,0,0,0,0,0,0,0,0,0,0,0,0,0,0,0,0,0,0,0,0,0,0,0,0,0,0,0,0,0,0,0,0,0,0,0,0,0,0,0,0,0,0,0,0,0,0,0,0,0,0,0,0,0,0,0,0,0,0,0,0,0,0,0,0,0,0,0,0,0,0,0,0,0,0,0,0,0,0,0,0,0,0,0,0,0,0,0,0,0,0,0,0,0,0,0,0,0,0,0,0,0,0,0,0,0,0,0,0,0,0,0,0,0,0,0,0,0,0,0,0,0,0,0,0,0,0,0,0,0,0,0,0,0,0,0,0,0,0,0,0,0,0,0,0,0,0,0,0,0,0,0,0,0,0,0,0,0,0,0,0,0,0,0,0,0,0,0,0,0,0,0,0,0,0,0,0,0,0,0,0,0,0,0,0,0,0,0,0,0,0,0,0,0
148,0,0,0,0,0,0,0,0,0,0,0,0,0,0,0,0,0,0,0,0,0,0,0,4,0,0,0,0,0,0,0,0,0,0,0,0,0,0,0,0,0,0,0,0,0,0,0,0,0,0,0,0,0,0,0,0,0,0,0,0,0,0,0,0,0,0,0,0,0,0,0,0,0,0,0,0,0,0,0,0,0,0,0,0,0,0,0,0,0,0,0,0,0,0,0,0,0,0,0,0,0,0,0,0,0,0,0,0,0,0,0,0,0,0,0,0,0,0,0,0,0,0,0,0,0,0,0,0,0,0,0,0,0,0,0,0,0,0,0,0,0,0,0,0,0,0,0,0,0,0,0,0,0,0,0,0,0,0,0,0,0,0,0,0,0,0,0,0,0,0,0,0,0,0,0,0,0,0,0,0,0,0,0,0,0,0,0,0,0,0,0,0,0,0,0,0,0,0,0,0,0,0,0,0,0,0,0,0,0,0,0,0,0,0,0,0,0,0,0,0,0,0,0,0,0,0,0,0,0,0,0,0,0,0,0,0,0,0,0,0,0,0,0,0,0,0,0,0,0,0,0,0,0,0,0,0,0,0,0,0,0,0,0,0,0,0,0,0,0,0,0,0,0,0,0,0,0,0,0,0,0,0,0,0,0,0,0,0,0,0,0,0,0,0,0,0,0,0,0,0,0,0,0,0,0,0,0,0,0,0,0,0,0,0,0,0,0,0,0,0,0,0,0,0,0,0,0,0,0,0,0,10,0,0,0,0,0,0,0,0,0,0,0,0,0,0
149,0,0,0,0,0,0,0,0,0,0,0,0,0,0,0,0,0,0,0,0,0,0,0,0,0,0,0,0,94,0,0,0,0,0,0,0,0,0,0,0,0,0,0,0,0,0,0,0,0,0,0,0,0,0,0,0,0,0,0,0,0,0,0,0,0,0,0,0,0,0,0,0,0,0,0,0,0,0,0,0,0,0,0,0,0,0,0,0,0,0,0,0,0,0,0,0,0,0,0,0,0,0,0,0,0,0,0,0,0,0,0,0,0,0,0,0,0,0,0,0,0,0,0,0,0,0,0,0,0,0,0,0,0,0,0,0,0,0,0,0,0,0,0,0,0,0,0,0,0,0,0,0,0,0,0,0,0,0,0,0,0,0,0,0,0,0,0,0,0,0,0,0,0,0,0,0,0,0,0,0,0,0,0,0,0,0,0,0,0,0,0,0,0,0,0,0,0,0,0,0,0,0,0,0,0,0,0,0,0,0,0,0,0,0,0,0,0,0,0,0,0,0,0,0,0,0,0,0,0,0,0,0,0,0,0,0,0,0,0,0,0,0,0,0,0,0,0,0,0,0,0,0,0,0,0,0,0,0,0,0,0,0,0,0,0,0,0,0,0,0,0,0,0,0,0,0,0,0,0,0,0,0,0,0,0,0,0,0,0,0,0,0,0,0,0,0,0,0,0,0,0,0,0,0,0,0,0,0,0,0,0,0,0,0,0,0,0,0,0,0,0,0,0,0,0,0,0,0,0,0,0,0,0,0,0,0,0,0,0,0,0,0,0,0,0,0
150,0,0,0,0,0,0,0,0,0,0,0,0,0,0,0,0,0,0,0,0,0,0,0,0,0,0,0,0,309,0,0,0,0,0,0,0,0,0,0,0,0,0,0,0,0,0,0,0,0,0,0,0,0,0,0,0,0,0,0,0,0,0,0,0,0,0,0,0,0,0,0,0,0,0,0,0,0,0,0,0,0,0,0,0,0,0,0,0,0,0,0,0,0,0,0,0,0,0,0,0,0,0,0,0,0,0,0,0,0,0,0,0,0,0,0,0,0,0,0,0,0,0,0,0,0,0,0,0,0,0,0,0,0,0,0,0,0,0,0,0,0,0,0,0,0,0,0,0,0,0,0,0,0,0,0,0,0,0,0,0,0,0,0,0,0,0,0,0,0,0,0,0,0,0,0,0,0,0,0,0,0,0,0,0,0,0,0,0,0,0,0,0,0,0,0,0,0,0,0,0,0,0,0,0,0,0,0,0,0,0,0,0,0,0,0,0,0,0,0,0,0,0,0,0,0,0,0,0,0,0,0,0,0,0,0,0,0,0,0,0,0,0,0,0,0,0,0,0,0,0,0,0,0,0,0,0,0,0,0,0,0,0,0,0,0,0,0,0,0,0,0,0,0,0,0,0,0,0,0,0,0,0,0,0,0,0,0,0,0,0,0,0,0,0,0,0,0,0,0,0,0,0,0,0,0,0,0,0,0,0,0,0,0,0,0,0,0,0,0,0,0,0,0,0,0,0,0,0,0,0,0,0,0,0,0,0,0,0,0,0,0,0,0,0,0,0
151,0,0,0,0,0,0,0,0,0,0,0,0,0,0,0,0,0,0,0,0,0,0,0,0,0,0,0,0,148,0,0,0,0,0,0,0,0,0,0,0,0,0,0,0,0,0,0,0,0,0,0,0,0,0,0,0,0,0,0,0,0,0,0,0,0,0,0,0,0,0,0,0,0,0,0,0,0,0,0,0,0,0,0,0,0,0,0,0,0,0,0,0,0,0,0,0,0,0,0,0,0,0,0,0,0,0,0,0,0,0,0,0,0,0,0,0,0,0,0,0,0,0,0,0,0,0,0,0,0,0,0,0,0,0,0,0,0,0,0,0,0,0,0,0,0,0,0,0,0,0,0,0,0,0,0,0,0,0,0,0,0,0,0,0,0,0,0,0,0,0,0,0,0,0,0,0,0,0,0,0,0,0,0,0,0,0,0,0,0,0,0,0,0,0,0,0,0,0,0,0,0,0,0,0,0,0,0,0,0,0,0,0,0,0,0,0,0,0,0,0,0,0,0,0,0,0,0,0,0,0,0,0,0,0,0,0,0,0,0,0,0,0,0,0,0,0,0,0,0,0,0,0,0,0,0,0,0,0,0,0,0,0,0,0,0,0,0,0,0,0,0,0,0,0,0,0,0,0,0,0,0,0,0,0,0,0,0,0,0,0,0,0,0,0,0,0,0,0,0,0,0,0,0,0,0,0,0,0,0,0,0,0,0,0,0,0,0,0,0,0,0,0,0,0,0,0,0,0,0,0,0,0,0,0,0,0,0,0,0,0,0,0,0,0,0,0
152,0,0,0,0,0,0,0,0,0,0,0,0,0,0,0,0,0,0,0,0,0,0,0,0,0,0,0,0,234,0,0,0,0,0,0,0,0,0,0,0,0,0,0,0,0,0,0,0,0,0,0,0,0,0,0,0,0,0,0,0,0,0,0,0,0,0,0,0,0,0,0,0,0,0,0,0,0,0,0,0,0,0,0,0,0,0,0,0,0,0,0,0,0,0,0,0,0,0,0,0,0,0,0,0,0,0,0,0,0,0,0,0,0,0,0,0,0,0,0,0,0,0,0,0,0,0,0,0,0,0,0,0,0,0,0,0,0,0,0,0,0,0,0,0,0,0,0,0,0,0,0,0,0,0,0,0,0,0,0,0,0,0,0,0,0,0,0,0,0,0,0,0,0,0,0,0,0,0,0,0,0,0,0,0,0,0,0,0,0,0,0,0,0,0,0,0,0,0,0,0,0,0,0,0,0,0,0,0,0,0,0,0,0,0,0,0,0,0,0,0,0,0,0,0,0,0,0,0,0,0,0,0,0,0,0,0,0,0,0,0,0,0,0,0,0,0,0,0,0,0,0,0,0,0,0,0,0,0,0,0,0,0,0,0,0,0,0,0,0,0,0,0,0,0,0,0,0,0,0,0,0,0,0,0,0,0,0,0,0,0,0,0,0,0,0,0,0,0,0,0,0,0,0,0,0,0,0,0,0,0,0,0,0,0,0,0,0,0,0,0,0,0,0,0,0,0,0,0,0,0,0,0,0,0,0,0,0,0,0,0,0,0,0,0,0,0
153,0,0,0,0,0,0,0,0,0,0,0,0,0,0,0,0,0,0,0,0,0,0,0,0,0,0,0,0,0,0,0,0,0,0,0,0,0,0,0,0,0,0,0,0,0,0,0,0,0,0,0,0,0,0,0,0,0,0,0,0,0,0,0,0,0,0,0,0,0,0,0,0,0,0,0,0,0,0,0,0,0,0,0,0,0,0,0,0,0,0,0,0,0,0,0,0,0,0,0,0,0,0,0,0,0,0,0,0,0,0,0,0,0,0,0,0,0,0,0,0,0,0,0,0,0,0,0,0,0,0,0,0,0,0,0,0,0,0,0,0,0,0,0,0,0,0,0,0,0,0,0,0,0,0,0,0,0,0,0,0,0,0,0,0,0,0,0,0,0,0,0,0,0,0,0,0,0,0,0,0,0,0,0,0,0,0,0,0,0,0,0,0,0,0,0,0,0,0,0,0,0,0,0,0,0,0,0,0,0,0,0,0,0,0,0,0,0,0,0,0,0,0,0,0,0,0,0,0,0,0,0,0,0,0,0,0,0,0,0,0,0,0,0,0,0,0,0,0,0,0,0,0,0,0,0,0,0,0,0,0,0,0,0,0,0,0,0,0,0,0,0,0,0,0,0,0,0,0,0,0,0,0,0,0,0,0,0,0,0,0,0,0,0,0,0,0,0,0,0,0,0,0,0,0,0,0,0,0,0,0,0,0,0,0,0,0,0,0,0,0,0,0,0,0,0,0,0,0,0,0,0,8,0,0,0,0,0,0,0,0,0,0,0,0,0,0
154,0,0,0,0,0,0,0,0,0,0,0,0,0,0,0,0,0,0,0,0,0,0,0,56,0,433,0,0,0,1080,910,0,0,0,0,0,0,0,0,0,0,0,0,0,0,0,0,0,0,0,0,0,0,0,0,0,0,0,0,0,0,0,0,0,0,0,0,0,0,0,0,0,0,0,0,0,0,0,0,0,0,0,0,0,0,0,0,0,0,0,0,0,0,0,0,0,0,0,0,0,0,0,0,0,0,0,0,0,0,0,0,0,0,0,0,0,0,0,0,0,0,0,0,0,0,0,0,0,0,0,0,0,0,0,0,0,0,0,0,0,0,0,0,0,0,0,0,0,0,0,0,0,0,0,0,0,0,0,0,0,0,0,0,0,0,0,0,0,0,0,0,0,0,0,0,0,0,0,0,0,0,0,0,0,0,0,0,0,0,0,0,0,0,0,0,0,0,0,0,0,0,0,0,0,0,0,0,0,0,0,0,0,0,0,0,0,0,0,0,0,0,0,0,0,0,0,0,0,0,0,0,0,0,0,0,0,0,0,0,0,0,0,0,0,0,0,0,0,0,0,0,0,0,0,0,0,0,0,0,0,0,0,0,0,0,0,0,0,0,0,0,0,0,0,0,0,0,0,0,0,0,0,0,0,0,0,0,0,0,0,0,0,0,0,0,0,0,0,0,0,0,0,0,0,0,0,0,0,0,0,0,0,0,0,0,0,214,0,0,0,0,0,0,0,0,0,0,0,0,0,0,33,0,0,0,0,0,0,0,0,0,0,0,0,0,0
155,0,0,0,0,0,0,0,0,0,0,0,0,0,0,0,0,0,0,0,0,0,0,0,0,0,0,0,0,1591,0,0,0,0,0,0,0,0,0,0,0,0,0,0,0,0,0,0,0,0,0,0,0,0,0,0,0,0,0,0,0,0,0,0,0,0,0,0,0,0,0,0,0,0,0,0,0,0,0,0,0,0,0,0,0,0,0,0,0,0,0,0,0,0,0,0,0,0,0,0,0,0,0,0,0,0,0,0,0,0,0,0,0,0,0,0,0,0,0,0,0,0,0,0,0,0,0,0,0,0,0,0,0,0,0,0,0,0,0,0,0,0,0,0,0,0,0,0,0,0,0,0,0,0,0,0,0,0,0,0,0,0,0,0,0,0,0,0,0,0,0,0,0,0,0,0,0,0,0,0,0,0,0,0,0,0,0,0,0,0,0,0,0,0,0,0,0,0,0,0,0,0,0,0,0,0,0,0,0,0,0,0,0,0,0,0,0,0,0,0,0,0,0,0,0,0,0,0,0,0,0,0,0,0,0,0,0,0,0,0,0,0,0,0,0,0,0,0,0,0,0,0,0,0,0,0,0,0,0,0,0,0,0,0,0,0,0,0,0,0,0,0,0,0,0,0,0,0,0,0,0,0,0,0,0,0,0,0,0,0,0,0,0,0,0,0,0,0,0,0,0,0,0,0,0,0,0,0,0,0,0,0,0,0,0,0,0,0,0,0,0,0,0,0,0,0,0,0,0,0,0,0,0,0,0,0,0,0,0,0,0,0,0,0,0,0,0
169,0,0,0,0,0,0,0,0,0,0,0,0,0,0,0,0,0,0,0,0,0,0,0,0,0,0,0,0,0,0,0,0,0,0,0,0,0,0,0,0,0,0,0,0,0,0,0,0,0,0,0,0,0,0,0,0,0,0,0,0,0,0,0,0,0,0,0,0,0,0,0,0,0,0,0,0,0,0,0,0,0,0,0,0,0,0,0,0,0,0,0,0,0,0,0,0,0,0,0,0,0,0,0,0,0,0,0,0,0,0,0,0,0,0,0,0,0,0,0,0,0,0,0,0,0,0,0,0,0,0,0,0,0,0,0,0,0,0,0,0,0,0,0,0,0,2,0,0,0,0,0,0,0,0,0,0,0,0,0,0,0,0,0,0,0,0,0,0,0,0,0,0,0,0,0,0,0,0,0,0,0,0,0,0,0,0,0,0,0,0,0,0,0,0,0,0,0,0,0,0,0,0,0,0,0,0,0,0,0,0,0,0,0,12,0,0,0,0,0,1,0,0,0,0,0,0,0,0,0,0,0,3,0,0,0,0,0,0,9,0,160,0,0,0,0,0,0,0,1,0,0,0,0,0,0,0,0,0,0,0,0,0,0,0,0,0,0,0,0,0,0,0,0,0,27,1,2,0,0,0,0,2,1,3,1,0,350,0,0,0,19,0,0,1,0,3,4,0,0,0,0,0,0,0,0,0,0,0,0,3,0,0,0,0,39,0,0,0,0,0,0,0,0,0,0,0,0,1,0,0,1,0,2,0,0,0,0,0,0,0,0,0,0,0,0,0
222,28,8,4,8,2,5977,4215,0,0,1408,1635,65,891,755,8,4,60,36,68,4,2235,1808,70,0,0,0,28,0,0,0,0,0,2,23,0,0,1,7,8,3,7,0,7,8,11,83,7,3,0,4,0,0,0,0,0,0,2,0,0,0,0,0,0,0,0,0,0,0,0,0,0,0,0,0,0,0,0,0,2,2,0,3,84,0,0,0,10,83,0,2,0,3,6,3,6,3,3,3,84,3,3,11,83,0,0,4,0,0,11,83,0,0,0,0,0,0,1,0,0,1,4,84,0,12,83,3,0,0,0,1,4,83,12,83,4,1,3,83,11,83,4,0,0,0,187,0,0,0,0,0,0,0,0,0,0,0,0,0,0,0,0,0,0,0,0,0,0,0,0,0,0,0,0,0,0,0,0,0,0,0,8,2,2,2,0,0,0,0,0,0,0,0,0,0,0,15,85,0,10,70,412,0,4,2,2,2,2,16,2,2,4,8,4,0,0,99,20,25,23,0,0,3,3,2,1,0,2,0,12,3,4,0,0,0,4,0,0,20,0,0,0,17,0,0,19,282,8,0,0,60,8,2207,1618,0,0,0,0,0,0,0,0,14,0,0,0,0,0,0,0,0,0,0,0,0,0,0,0,51,7,6,4,0,0,0,0,4,0,4,16,5,0,0,0,0,1,0,0,1687,1691,4,3,5,4,2,7,2,2,0,0,0,0,4,167,24,0,275,0,2243,0,211,0,0,0,0,751,0,6,0,20,2,0,120,0,58005,35,0,0,0,103,12,0,196,10,3,2,48
229,0,0,0,0,0,0,0,0,0,0,0,0,0,0,0,0,0,0,0,0,0,0,0,0,0,0,0,0,0,0,0,0,0,0,0,0,0,0,0,0,0,0,0,0,0,0,0,0,0,0,0,0,0,0,0,0,0,0,0,0,0,0,0,0,0,0,0,0,0,0,0,0,0,0,0,0,0,0,0,0,0,0,0,0,0,0,0,0,0,0,0,0,0,0,0,0,0,0,0,0,0,0,0,0,0,0,0,0,0,0,0,0,0,0,0,0,0,0,0,0,0,0,0,0,0,0,0,0,0,0,0,0,0,0,0,0,0,0,0,0,0,0,0,0,0,0,0,0,0,0,0,0,0,0,0,0,0,0,0,0,0,1,1,1,1,1,1,1,2,0,2,1,1,1,2,1,1,1,0,0,0,0,0,0,0,0,0,0,0,0,0,0,0,0,0,0,0,0,0,0,0,0,0,0,0,0,0,0,0,0,0,0,0,0,117,0,0,0,0,0,0,0,0,0,0,0,0,0,0,0,0,0,0,0,0,0,0,0,0,0,0,0,0,0,0,0,0,0,0,0,0,0,0,123,112,0,126,113,0,114,145,0,0,0,0,0,247,116,124,156,107,0,0,4,0,0,0,0,0,0,0,0,0,0,0,0,0,0,0,0,0,0,0,0,0,0,0,0,0,0,0,0,0,0,0,0,0,0,0,0,0,0,0,0,0,0,0,0,0,0,0,0,0,0,0,0,0,0,0,0,0,12,0,0,0,0,0,0,0,0,0,0,0,0,0,0
230,0,0,0,0,0,0,0,0,0,0,0,0,0,0,0,0,0,0,0,0,0,0,0,0,0,0,0,0,0,0,0,0,0,0,0,0,0,0,0,0,0,0,0,0,0,0,0,0,0,0,0,0,0,0,0,0,0,0,0,0,0,0,0,0,0,0,0,0,0,0,0,0,0,0,0,0,0,0,0,0,0,0,0,0,0,0,0,0,0,0,0,0,0,0,0,0,0,0,0,0,0,0,0,0,0,0,0,0,0,0,0,0,0,0,0,0,0,0,0,0,0,0,0,0,0,0,0,0,0,0,0,0,0,0,0,0,0,0,0,0,0,0,0,0,0,0,0,0,0,0,0,0,0,0,0,0,0,0,0,0,0,0,0,0,0,0,0,0,0,0,0,0,0,0,0,0,0,0,0,0,0,0,0,0,0,0,0,0,0,0,0,0,0,0,0,0,0,0,0,0,0,0,0,0,0,0,0,0,0,0,0,0,0,0,0,0,0,0,0,0,0,0,0,0,0,0,0,0,0,0,0,0,0,0,0,0,0,0,0,0,0,0,0,0,0,0,0,0,0,0,0,0,0,0,0,0,0,0,0,0,0,0,0,0,0,0,0,0,0,0,0,0,0,0,0,0,0,0,0,0,0,0,0,0,0,0,1,0,0,0,0,0,0,0,0,0,0,0,0,0,0,0,0,0,0,0,0,0,0,0,0,0,0,0,0,0,0,0,0,0,0,0,0,0,0,0,0,0,0,0,0,0,0,0,0,0,0,0,0,0,0,0,0,0,0,0
269,0,0,0,0,0,0,0,0,0,0,0,0,0,0,0,0,0,0,0,0,0,0,0,0,0,0,0,0,0,0,0,0,0,0,0,0,0,0,0,0,0,0,0,0,0,0,0,0,0,0,0,0,0,0,0,0,0,0,0,0,0,0,0,0,0,0,0,0,0,0,0,0,0,0,0,0,0,0,0,0,0,0,0,0,0,0,0,0,0,0,0,0,0,0,0,0,0,0,0,0,0,0,0,0,0,0,0,0,0,0,0,0,0,0,0,0,0,0,0,0,0,0,0,0,0,0,0,0,0,0,0,0,0,0,0,0,0,0,0,0,0,0,0,0,0,0,0,0,0,0,0,0,0,0,0,0,0,0,0,0,0,0,0,0,0,0,0,0,0,0,0,0,0,0,0,0,0,0,0,0,0,0,0,0,0,0,0,0,0,0,0,0,0,0,0,0,0,0,0,0,0,0,0,0,0,0,0,0,0,0,0,0,0,0,0,0,0,0,0,0,0,0,0,0,0,0,0,0,0,0,0,0,0,0,0,0,0,0,0,0,0,0,0,0,0,0,0,0,0,0,0,0,0,0,0,0,0,0,0,0,0,0,0,0,0,0,0,0,0,0,0,0,0,0,0,0,0,0,0,0,0,0,0,0,0,0,0,0,0,0,0,0,0,0,0,0,0,0,0,0,0,0,0,0,0,0,0,0,0,0,0,0,0,0,0,0,0,0,0,0,0,0,0,0,0,0,0,0,0,0,0,10,0,0,0,0,0,0,0,0,0,0,0,0,0,0
285,0,0,0,0,0,0,0,0,0,0,0,0,0,0,0,0,0,0,0,0,0,0,0,0,0,0,0,6,0,0,0,0,0,0,0,0,0,0,0,0,0,0,0,0,0,0,0,0,0,0,0,0,0,0,0,0,0,0,0,0,0,0,0,0,0,0,0,0,0,0,0,0,0,0,0,0,0,0,0,0,0,0,0,0,0,0,0,0,0,0,0,0,0,0,0,0,0,0,0,0,0,0,0,0,0,0,0,0,0,0,0,0,0,0,0,0,0,0,0,0,0,0,0,0,0,0,0,0,0,0,0,0,0,0,0,0,0,0,0,0,0,0,0,0,0,0,0,0,0,0,0,0,0,0,0,0,0,0,0,0,0,0,0,0,0,0,0,0,0,0,0,0,0,0,0,0,0,0,0,0,0,0,0,0,0,0,0,0,0,0,0,0,0,0,0,0,0,0,0,0,0,0,0,0,0,0,0,0,0,0,0,0,0,0,0,0,0,0,0,0,0,0,0,0,0,0,0,0,0,0,0,0,0,0,0,0,0,0,0,0,0,0,0,0,0,0,0,0,0,0,0,0,0,0,0,0,0,0,0,0,0,0,0,0,0,0,0,0,0,0,0,0,0,0,0,0,0,0,0,0,0,0,0,0,0,0,0,0,0,0,0,0,0,0,0,0,0,0,0,0,0,0,0,0,0,0,0,0,0,0,0,0,0,0,0,0,0,0,0,0,0,0,0,0,0,0,0,0,0,0,0,0,0,0,0,0,0,0,0,0,0,0,0,0,0,0
287,0,0,0,0,0,0,0,0,0,0,0,0,0,0,0,0,0,0,0,0,0,0,0,0,0,0,0,0,168,0,0,0,0,0,0,0,0,0,0,0,0,0,0,0,0,0,0,0,0,0,0,0,0,0,0,0,0,0,0,0,0,0,0,0,0,0,0,0,0,0,0,0,0,0,0,0,0,0,0,0,0,0,0,0,0,0,0,0,0,0,0,0,0,0,0,0,0,0,0,0,0,0,0,0,0,0,0,0,0,0,0,0,0,0,0,0,0,0,0,0,0,0,0,0,0,0,0,0,0,0,0,0,0,0,0,0,0,0,0,0,0,0,0,0,0,0,0,0,0,0,0,0,0,0,0,0,0,0,0,0,0,0,0,0,0,0,0,0,0,0,0,0,0,0,0,0,0,0,0,0,0,0,0,0,0,0,0,0,0,0,0,0,0,0,0,0,0,0,0,0,0,0,0,0,0,0,0,0,0,0,0,0,0,0,0,0,0,0,0,0,0,0,0,0,0,0,0,0,0,0,0,0,0,0,0,0,0,0,0,0,0,0,0,0,0,0,0,0,0,0,0,0,0,0,0,0,0,0,0,0,0,0,0,0,0,0,0,0,0,0,0,0,0,0,0,0,0,0,0,0,0,0,0,0,0,0,0,0,0,0,0,0,0,0,0,0,0,0,0,0,0,0,0,0,0,0,0,0,0,0,0,0,0,0,0,0,0,0,0,0,0,0,0,0,0,0,0,0,0,0,0,0,0,0,0,0,0,0,0,0,0,0,0,0,0,0
